Iteration,param_diffs
0,[0.         0.37997788]
0,[0.         0.48440254]
